DATE ADDED TO CATALOG	PUBMEDID	FIRST AUTHOR	DATE	JOURNAL	LINK	STUDY	DISEASE/TRAIT	INITIAL SAMPLE SIZE	REPLICATION SAMPLE SIZE	REGION	CHR_ID	CHR_POS	REPORTED GENE(S)	MAPPED_GENE	UPSTREAM_GENE_ID	DOWNSTREAM_GENE_ID	SNP_GENE_IDS	UPSTREAM_GENE_DISTANCE	DOWNSTREAM_GENE_DISTANCE	STRONGEST SNP-RISK ALLELE	SNPS	MERGED	SNP_ID_CURRENT	CONTEXT	INTERGENIC	RISK ALLELE FREQUENCY	P-VALUE	PVALUE_MLOG	P-VALUE (TEXT)	OR or BETA	95% CI (TEXT)	PLATFORM [SNPS PASSING QC]	CNV	MAPPED_TRAIT	MAPPED_TRAIT_URI	STUDY ACCESSION	GENOTYPING TECHNOLOGY
2020-02-12	31589552	Lind L	2019-10-07	Metab Syndr Relat Disord	www.ncbi.nlm.nih.gov/pubmed/31589552	Genome-Wide Association Study of the Metabolic Syndrome in UK Biobank.	Metabolic syndrome	291,107 European ancestry individuals	NA	20q13.2	20	52588195	LINC01524	LINC01524			ENSG00000234948			rs764311894-CTTT	rs764311894	1	61249873	intron_variant	0	0.169241	5E-10	9.301029995663981		0.0569809	[0.039-0.075] unit decrease	Affymetrix [9463307] (imputed)	N	metabolic syndrome	http://www.ebi.ac.uk/efo/EFO_0000195	GCST009602	Genome-wide genotyping array
2020-02-12	31589552	Lind L	2019-10-07	Metab Syndr Relat Disord	www.ncbi.nlm.nih.gov/pubmed/31589552	Genome-Wide Association Study of the Metabolic Syndrome in UK Biobank.	Metabolic syndrome	291,107 European ancestry individuals	NA	4q13.2	4	66985805	LOC101927237	RNU6-699P - NA	ENSG00000252890			88434		rs748326686-CT	rs748326686	1	3078192	intergenic_variant	1	0.37669	6E-10	9.221848749616356		0.042439	[0.029-0.056] unit increase	Affymetrix [9463307] (imputed)	N	metabolic syndrome	http://www.ebi.ac.uk/efo/EFO_0000195	GCST009602	Genome-wide genotyping array
2020-02-12	31589552	Lind L	2019-10-07	Metab Syndr Relat Disord	www.ncbi.nlm.nih.gov/pubmed/31589552	Genome-Wide Association Study of the Metabolic Syndrome in UK Biobank.	Metabolic syndrome	291,107 European ancestry individuals	NA	6q22.33	6	127118902	RSPO3	RSPO3			ENSG00000146374			rs577721086-C	rs577721086	0	577721086	splice_region_variant	0	0.0509599	9E-10	9.045757490560675		0.0900937	[0.061-0.119] unit increase	Affymetrix [9463307] (imputed)	N	metabolic syndrome	http://www.ebi.ac.uk/efo/EFO_0000195	GCST009602	Genome-wide genotyping array
2020-02-12	31589552	Lind L	2019-10-07	Metab Syndr Relat Disord	www.ncbi.nlm.nih.gov/pubmed/31589552	Genome-Wide Association Study of the Metabolic Syndrome in UK Biobank.	Metabolic syndrome	291,107 European ancestry individuals	NA	3p21.31	3	50081955	RBM6	RBM6			ENSG00000004534			rs537069642-CTT	rs537069642	1	34234656	intron_variant	0	0.423828	1E-9	9.0		0.0418519	[0.028-0.055] unit decrease	Affymetrix [9463307] (imputed)	N	metabolic syndrome	http://www.ebi.ac.uk/efo/EFO_0000195	GCST009602	Genome-wide genotyping array
2020-02-12	31589552	Lind L	2019-10-07	Metab Syndr Relat Disord	www.ncbi.nlm.nih.gov/pubmed/31589552	Genome-Wide Association Study of the Metabolic Syndrome in UK Biobank.	Metabolic syndrome	291,107 European ancestry individuals	NA	6p21.31	6	34205553	HMGA1	KRT18P9 - CYCSP55	ENSG00000271231	ENSG00000214810		14474	13886	rs76376137-G	rs76376137	0	76376137	regulatory_region_variant	1	0.050549	1E-9	9.0		0.0820329	[0.053-0.111] unit increase	Affymetrix [9463307] (imputed)	N	metabolic syndrome	http://www.ebi.ac.uk/efo/EFO_0000195	GCST009602	Genome-wide genotyping array
2020-02-12	31589552	Lind L	2019-10-07	Metab Syndr Relat Disord	www.ncbi.nlm.nih.gov/pubmed/31589552	Genome-Wide Association Study of the Metabolic Syndrome in UK Biobank.	Metabolic syndrome	291,107 European ancestry individuals	NA	1q25.2	1	177944384	SEC16B	SEC16B, CRYZL2P-SEC16B			ENSG00000120341, ENSG00000254154			rs10913469-C	rs10913469	0	10913469	intron_variant	0	0.207314	2E-9	8.698970004336019		0.0482641	[0.033-0.064] unit increase	Affymetrix [9463307] (imputed)	N	metabolic syndrome	http://www.ebi.ac.uk/efo/EFO_0000195	GCST009602	Genome-wide genotyping array
2020-02-12	31589552	Lind L	2019-10-07	Metab Syndr Relat Disord	www.ncbi.nlm.nih.gov/pubmed/31589552	Genome-Wide Association Study of the Metabolic Syndrome in UK Biobank.	Metabolic syndrome	291,107 European ancestry individuals	NA	11p14.1	11	27701787	BDNF	BDNF			ENSG00000176697			rs56133711-A	rs56133711	0	56133711	intron_variant	0	0.262839	2E-9	8.698970004336019		0.0443302	[0.03-0.059] unit increase	Affymetrix [9463307] (imputed)	N	metabolic syndrome	http://www.ebi.ac.uk/efo/EFO_0000195	GCST009602	Genome-wide genotyping array
2020-02-12	31589552	Lind L	2019-10-07	Metab Syndr Relat Disord	www.ncbi.nlm.nih.gov/pubmed/31589552	Genome-Wide Association Study of the Metabolic Syndrome in UK Biobank.	Metabolic syndrome	291,107 European ancestry individuals	NA	16p11.2	16	29983601	TAOK2	TAOK2			ENSG00000149930			rs3814883-T	rs3814883	0	3814883	synonymous_variant	0	0.48348	2E-9	8.698970004336019		0.0393918	[0.027-0.052] unit increase	Affymetrix [9463307] (imputed)	N	metabolic syndrome	http://www.ebi.ac.uk/efo/EFO_0000195	GCST009602	Genome-wide genotyping array
2020-02-12	31589552	Lind L	2019-10-07	Metab Syndr Relat Disord	www.ncbi.nlm.nih.gov/pubmed/31589552	Genome-Wide Association Study of the Metabolic Syndrome in UK Biobank.	Metabolic syndrome	291,107 European ancestry individuals	NA	7q36.1	7	150960007	KCNH2	KCNH2			ENSG00000055118			rs56282717-A	rs56282717	0	56282717	non_coding_transcript_exon_variant	0	0.24425	2E-9	8.698970004336019		0.0460964	[0.031-0.061] unit decrease	Affymetrix [9463307] (imputed)	N	metabolic syndrome	http://www.ebi.ac.uk/efo/EFO_0000195	GCST009602	Genome-wide genotyping array
2020-02-12	31589552	Lind L	2019-10-07	Metab Syndr Relat Disord	www.ncbi.nlm.nih.gov/pubmed/31589552	Genome-Wide Association Study of the Metabolic Syndrome in UK Biobank.	Metabolic syndrome	291,107 European ancestry individuals	NA	17q21.2	17	42561053	COASY	HSD17B1 - COASY	ENSG00000108786	ENSG00000068120		5839	414	rs12945575-T	rs12945575	0	12945575	intron_variant	1	0.25004	3E-9	8.522878745280337		0.044779	[0.03-0.06] unit increase	Affymetrix [9463307] (imputed)	N	metabolic syndrome	http://www.ebi.ac.uk/efo/EFO_0000195	GCST009602	Genome-wide genotyping array
2020-02-12	31589552	Lind L	2019-10-07	Metab Syndr Relat Disord	www.ncbi.nlm.nih.gov/pubmed/31589552	Genome-Wide Association Study of the Metabolic Syndrome in UK Biobank.	Metabolic syndrome	291,107 European ancestry individuals	NA	11q13.1	11	65638129	SIPA1	SIPA1			ENSG00000213445			rs2306363-T	rs2306363	0	2306363	5_prime_UTR_variant	0	0.206589	3E-9	8.522878745280337		0.0482761	[0.032-0.064] unit decrease	Affymetrix [9463307] (imputed)	N	metabolic syndrome	http://www.ebi.ac.uk/efo/EFO_0000195	GCST009602	Genome-wide genotyping array
2020-02-12	31589552	Lind L	2019-10-07	Metab Syndr Relat Disord	www.ncbi.nlm.nih.gov/pubmed/31589552	Genome-Wide Association Study of the Metabolic Syndrome in UK Biobank.	Metabolic syndrome	291,107 European ancestry individuals	NA	7p21.1	7	17902243	SNX13	SNX13			ENSG00000071189			rs781006834-G	rs781006834	1	71010277	intron_variant	0	0.344659	3E-9	8.522878745280337		0.0411062	[-0.03946-0.12167] unit increase	Affymetrix [9463307] (imputed)	N	metabolic syndrome	http://www.ebi.ac.uk/efo/EFO_0000195	GCST009602	Genome-wide genotyping array
2020-02-12	31589552	Lind L	2019-10-07	Metab Syndr Relat Disord	www.ncbi.nlm.nih.gov/pubmed/31589552	Genome-Wide Association Study of the Metabolic Syndrome in UK Biobank.	Metabolic syndrome	291,107 European ancestry individuals	NA	6q26	6	160671406	LPA	LPA - PLG	ENSG00000198670	ENSG00000122194		7131	30832	rs11751347-T	rs11751347	0	11751347	intron_variant	1	0.102714	5E-9	8.301029995663981		0.0624875	[0.042-0.083] unit increase	Affymetrix [9463307] (imputed)	N	metabolic syndrome	http://www.ebi.ac.uk/efo/EFO_0000195	GCST009602	Genome-wide genotyping array
2020-02-12	31589552	Lind L	2019-10-07	Metab Syndr Relat Disord	www.ncbi.nlm.nih.gov/pubmed/31589552	Genome-Wide Association Study of the Metabolic Syndrome in UK Biobank.	Metabolic syndrome	291,107 European ancestry individuals	NA	4p14	4	36075982	ARAP2	ARAP2			ENSG00000047365			rs73123462-T	rs73123462	0	73123462	intron_variant	0	0.0155967	5E-9	8.301029995663981		0.149549	[0.1-0.2] unit increase	Affymetrix [9463307] (imputed)	N	metabolic syndrome	http://www.ebi.ac.uk/efo/EFO_0000195	GCST009602	Genome-wide genotyping array
2020-02-12	31589552	Lind L	2019-10-07	Metab Syndr Relat Disord	www.ncbi.nlm.nih.gov/pubmed/31589552	Genome-Wide Association Study of the Metabolic Syndrome in UK Biobank.	Metabolic syndrome	291,107 European ancestry individuals	NA	2p25.3	2	422144	LINC01874	LINC01865 - LINC01874	ENSG00000233684	ENSG00000223985		80026	68800	rs62107261-C	rs62107261	0	62107261	non_coding_transcript_exon_variant	1	0.0482567	5E-9	8.301029995663981		0.089776	[0.059-0.12] unit decrease	Affymetrix [9463307] (imputed)	N	metabolic syndrome	http://www.ebi.ac.uk/efo/EFO_0000195	GCST009602	Genome-wide genotyping array
2020-02-12	31589552	Lind L	2019-10-07	Metab Syndr Relat Disord	www.ncbi.nlm.nih.gov/pubmed/31589552	Genome-Wide Association Study of the Metabolic Syndrome in UK Biobank.	Metabolic syndrome	291,107 European ancestry individuals	NA	8q23.3	8	115551448	TRPS1	TRPS1			ENSG00000104447			rs3808439-A	rs3808439	0	3808439	intron_variant	0	0.447923	5E-9	8.301029995663981		0.0383457	[0.025-0.051] unit increase	Affymetrix [9463307] (imputed)	N	metabolic syndrome	http://www.ebi.ac.uk/efo/EFO_0000195	GCST009602	Genome-wide genotyping array
2020-02-12	31589552	Lind L	2019-10-07	Metab Syndr Relat Disord	www.ncbi.nlm.nih.gov/pubmed/31589552	Genome-Wide Association Study of the Metabolic Syndrome in UK Biobank.	Metabolic syndrome	291,107 European ancestry individuals	NA	12q24.31	12	122703928	HCAR2	HCAR2 - HCAR3	ENSG00000182782	ENSG00000255398		571	10828	rs56959712-T	rs56959712	0	56959712	intron_variant	1	0.210819	6E-9	8.221848749616356		0.0470487	[0.031-0.063] unit decrease	Affymetrix [9463307] (imputed)	N	metabolic syndrome	http://www.ebi.ac.uk/efo/EFO_0000195	GCST009602	Genome-wide genotyping array
2020-02-12	31589552	Lind L	2019-10-07	Metab Syndr Relat Disord	www.ncbi.nlm.nih.gov/pubmed/31589552	Genome-Wide Association Study of the Metabolic Syndrome in UK Biobank.	Metabolic syndrome	291,107 European ancestry individuals	NA	9q21.13	9	72017351	MIR148A	HSPB1P1 - C9orf57	ENSG00000236060	ENSG00000204669		9215	34025	rs56001710-A	rs560001710	0	560001710	intergenic_variant	1	0.417154	7E-9	8.154901959985743		0.0388139	[0.025-0.052] unit increase	Affymetrix [9463307] (imputed)	N	metabolic syndrome	http://www.ebi.ac.uk/efo/EFO_0000195	GCST009602	Genome-wide genotyping array
2020-02-12	31589552	Lind L	2019-10-07	Metab Syndr Relat Disord	www.ncbi.nlm.nih.gov/pubmed/31589552	Genome-Wide Association Study of the Metabolic Syndrome in UK Biobank.	Metabolic syndrome	291,107 European ancestry individuals	NA	3q22.1	3	131927320	CPNE4	CPNE4			ENSG00000196353			rs779470261-C	rs779470261	1	56127322	intron_variant	0	0.26329	7E-9	8.154901959985743		0.0431103	[0.029-0.058] unit increase	Affymetrix [9463307] (imputed)	N	metabolic syndrome	http://www.ebi.ac.uk/efo/EFO_0000195	GCST009602	Genome-wide genotyping array
2020-02-12	31589552	Lind L	2019-10-07	Metab Syndr Relat Disord	www.ncbi.nlm.nih.gov/pubmed/31589552	Genome-Wide Association Study of the Metabolic Syndrome in UK Biobank.	Metabolic syndrome	291,107 European ancestry individuals	NA	11p15.3	11	13326202	ARNTL	ARNTL			ENSG00000133794			rs5789783-T	rs5789783	0	5789783	intron_variant	0	0.402641	8E-9	8.096910013008056		0.0399511	[0.026-0.054] unit decrease	Affymetrix [9463307] (imputed)	N	metabolic syndrome	http://www.ebi.ac.uk/efo/EFO_0000195	GCST009602	Genome-wide genotyping array
2020-02-12	31589552	Lind L	2019-10-07	Metab Syndr Relat Disord	www.ncbi.nlm.nih.gov/pubmed/31589552	Genome-Wide Association Study of the Metabolic Syndrome in UK Biobank.	Metabolic syndrome	291,107 European ancestry individuals	NA	9q22.2	9	89563557	GADD45G	SEMA4D - GADD45G	ENSG00000187764	ENSG00000130222		65427	41455	rs3949781-T	rs3949781	0	3949781	non_coding_transcript_exon_variant	1	0.461633	8E-9	8.096910013008056		0.0380199	[0.025-0.051] unit decrease	Affymetrix [9463307] (imputed)	N	metabolic syndrome	http://www.ebi.ac.uk/efo/EFO_0000195	GCST009602	Genome-wide genotyping array
2020-02-12	31589552	Lind L	2019-10-07	Metab Syndr Relat Disord	www.ncbi.nlm.nih.gov/pubmed/31589552	Genome-Wide Association Study of the Metabolic Syndrome in UK Biobank.	Metabolic syndrome	291,107 European ancestry individuals	NA	17q24.2	17	67844693	BPTF	BPTF			ENSG00000171634			rs11871285-T	rs11871285	0	11871285	intron_variant	0	0.193205	8E-9	8.096910013008056		0.0473409	[0.031-0.063] unit increase	Affymetrix [9463307] (imputed)	N	metabolic syndrome	http://www.ebi.ac.uk/efo/EFO_0000195	GCST009602	Genome-wide genotyping array
2020-02-12	31589552	Lind L	2019-10-07	Metab Syndr Relat Disord	www.ncbi.nlm.nih.gov/pubmed/31589552	Genome-Wide Association Study of the Metabolic Syndrome in UK Biobank.	Metabolic syndrome	291,107 European ancestry individuals	NA	4q31.23	4	150002957	LINC01122	RNU6-1230P - DCLK2	ENSG00000207121	ENSG00000170390		68474	75488	rs6545703-G	rs6535703	0	6535703	intergenic_variant	1	0.415927	9E-9	8.045757490560675		0.0382425	[0.025-0.051] unit decrease	Affymetrix [9463307] (imputed)	N	metabolic syndrome	http://www.ebi.ac.uk/efo/EFO_0000195	GCST009602	Genome-wide genotyping array
2020-02-12	31589552	Lind L	2019-10-07	Metab Syndr Relat Disord	www.ncbi.nlm.nih.gov/pubmed/31589552	Genome-Wide Association Study of the Metabolic Syndrome in UK Biobank.	Metabolic syndrome	291,107 European ancestry individuals	NA	1q21.3	1	150867223	ARNT	ARNT			ENSG00000143437			rs58175144-CA	rs58175144	0	58175144	intron_variant	0	0.301172	1E-8	8.0		0.0413753	[0.027-0.056] unit increase	Affymetrix [9463307] (imputed)	N	metabolic syndrome	http://www.ebi.ac.uk/efo/EFO_0000195	GCST009602	Genome-wide genotyping array
2020-02-12	31589552	Lind L	2019-10-07	Metab Syndr Relat Disord	www.ncbi.nlm.nih.gov/pubmed/31589552	Genome-Wide Association Study of the Metabolic Syndrome in UK Biobank.	Metabolic syndrome	291,107 European ancestry individuals	NA	16p12.1	16	24715743	TNRC6A	TNRC6A			ENSG00000090905			rs7188873-A	rs7188873	0	7188873	intron_variant	0	0.376011	1E-8	8.0		0.03863	[0.025-0.052] unit decrease	Affymetrix [9463307] (imputed)	N	metabolic syndrome	http://www.ebi.ac.uk/efo/EFO_0000195	GCST009602	Genome-wide genotyping array
2020-02-12	31589552	Lind L	2019-10-07	Metab Syndr Relat Disord	www.ncbi.nlm.nih.gov/pubmed/31589552	Genome-Wide Association Study of the Metabolic Syndrome in UK Biobank.	Metabolic syndrome	291,107 European ancestry individuals	NA	6p21.32	6	32610856	HLA-DRB1	HLA-DRB1 - HLA-DQA1	ENSG00000206240	ENSG00000196735		21008	17323	rs5021727-G	rs5021727	0	5021727	intergenic_variant	1	0.461566	2E-8	7.698970004336019		0.0371336	[0.024-0.05] unit increase	Affymetrix [9463307] (imputed)	N	metabolic syndrome	http://www.ebi.ac.uk/efo/EFO_0000195	GCST009602	Genome-wide genotyping array
2020-02-12	31589552	Lind L	2019-10-07	Metab Syndr Relat Disord	www.ncbi.nlm.nih.gov/pubmed/31589552	Genome-Wide Association Study of the Metabolic Syndrome in UK Biobank.	Metabolic syndrome	291,107 European ancestry individuals	NA	18q21.1	18	49621376	LIPG	LIPG - SMUG1P1	ENSG00000101670	ENSG00000267444		22191	28974	rs1105654-G	rs1105654	0	1105654	regulatory_region_variant	1	0.345091	2E-8	7.698970004336019		0.038799	[0.025-0.052] unit increase	Affymetrix [9463307] (imputed)	N	metabolic syndrome	http://www.ebi.ac.uk/efo/EFO_0000195	GCST009602	Genome-wide genotyping array
2020-02-12	31589552	Lind L	2019-10-07	Metab Syndr Relat Disord	www.ncbi.nlm.nih.gov/pubmed/31589552	Genome-Wide Association Study of the Metabolic Syndrome in UK Biobank.	Metabolic syndrome	291,107 European ancestry individuals	NA	1p22.1	1	93371576	DR1	DR1 - Y_RNA	ENSG00000117505	ENSG00000199949		2083	14135	rs12752223-T	rs12752223	0	12752223	downstream_gene_variant	1	0.396475	2E-8	7.698970004336019		0.0374831	[0.024-0.051] unit decrease	Affymetrix [9463307] (imputed)	N	metabolic syndrome	http://www.ebi.ac.uk/efo/EFO_0000195	GCST009602	Genome-wide genotyping array
2020-02-12	31589552	Lind L	2019-10-07	Metab Syndr Relat Disord	www.ncbi.nlm.nih.gov/pubmed/31589552	Genome-Wide Association Study of the Metabolic Syndrome in UK Biobank.	Metabolic syndrome	291,107 European ancestry individuals	NA	11q12.1	11	56434234	OR5R1	OR8U3 - OR5M4P	ENSG00000279961	ENSG00000230416		16002	14434	rs140628616-A	rs140628616	1	35146027	intergenic_variant	1	0.16585	2E-8	7.698970004336019		0.0528712	[0.034-0.071] unit decrease	Affymetrix [9463307] (imputed)	N	metabolic syndrome	http://www.ebi.ac.uk/efo/EFO_0000195	GCST009602	Genome-wide genotyping array
2020-02-12	31589552	Lind L	2019-10-07	Metab Syndr Relat Disord	www.ncbi.nlm.nih.gov/pubmed/31589552	Genome-Wide Association Study of the Metabolic Syndrome in UK Biobank.	Metabolic syndrome	291,107 European ancestry individuals	NA	10p12.31	10	21590155	MLLT10	MLLT10			ENSG00000078403			rs9971210-G	rs9971210	0	9971210	intron_variant	0	0.489597	2E-8	7.698970004336019		0.0365804	[0.024-0.049] unit increase	Affymetrix [9463307] (imputed)	N	metabolic syndrome	http://www.ebi.ac.uk/efo/EFO_0000195	GCST009602	Genome-wide genotyping array
2020-02-12	31589552	Lind L	2019-10-07	Metab Syndr Relat Disord	www.ncbi.nlm.nih.gov/pubmed/31589552	Genome-Wide Association Study of the Metabolic Syndrome in UK Biobank.	Metabolic syndrome	291,107 European ancestry individuals	NA	8p12	8	31006422	PURG	PURG			ENSG00000172733			rs10954772-T	rs10954772	0	10954772	intron_variant	0	0.313991	3E-8	7.522878745280337		0.0391984	[0.025-0.053] unit increase	Affymetrix [9463307] (imputed)	N	metabolic syndrome	http://www.ebi.ac.uk/efo/EFO_0000195	GCST009602	Genome-wide genotyping array
2020-02-12	31589552	Lind L	2019-10-07	Metab Syndr Relat Disord	www.ncbi.nlm.nih.gov/pubmed/31589552	Genome-Wide Association Study of the Metabolic Syndrome in UK Biobank.	Metabolic syndrome	291,107 European ancestry individuals	NA	2q31.1	2	170772553	ERICH2	EIF2S2P4 - Y_RNA	ENSG00000128692	ENSG00000199949		19765	10614	rs12472667-G	rs12472667	0	12472667	intron_variant	1	0.371305	3E-8	7.522878745280337		0.0374895	[0.024-0.051] unit increase	Affymetrix [9463307] (imputed)	N	metabolic syndrome	http://www.ebi.ac.uk/efo/EFO_0000195	GCST009602	Genome-wide genotyping array
2020-02-12	31589552	Lind L	2019-10-07	Metab Syndr Relat Disord	www.ncbi.nlm.nih.gov/pubmed/31589552	Genome-Wide Association Study of the Metabolic Syndrome in UK Biobank.	Metabolic syndrome	291,107 European ancestry individuals	NA	17p13.1	17	7581888	CD68	CD68			ENSG00000129226			rs1143015-A	rs1143015	0	1143015	3_prime_UTR_variant	0	0.157971	3E-8	7.522878745280337		0.0491401	[0.032-0.067] unit increase	Affymetrix [9463307] (imputed)	N	metabolic syndrome	http://www.ebi.ac.uk/efo/EFO_0000195	GCST009602	Genome-wide genotyping array
2020-02-12	31589552	Lind L	2019-10-07	Metab Syndr Relat Disord	www.ncbi.nlm.nih.gov/pubmed/31589552	Genome-Wide Association Study of the Metabolic Syndrome in UK Biobank.	Metabolic syndrome	291,107 European ancestry individuals	NA	9q31.1	9	104884738	ABCA1	ABCA1			ENSG00000165029			rs11789603-T	rs11789603	0	11789603	intron_variant	0	0.107873	4E-8	7.3979400086720375		0.058891	[0.038-0.08] unit decrease	Affymetrix [9463307] (imputed)	N	metabolic syndrome	http://www.ebi.ac.uk/efo/EFO_0000195	GCST009602	Genome-wide genotyping array
2020-02-12	31589552	Lind L	2019-10-07	Metab Syndr Relat Disord	www.ncbi.nlm.nih.gov/pubmed/31589552	Genome-Wide Association Study of the Metabolic Syndrome in UK Biobank.	Metabolic syndrome	291,107 European ancestry individuals	NA	11q23.3	11	118494495	KMT2A	KMT2A			ENSG00000118058			rs9332817-C	rs9332817	0	9332817	intron_variant	0	0.0265006	4E-8	7.3979400086720375		0.115795	[0.075-0.157] unit decrease	Affymetrix [9463307] (imputed)	N	metabolic syndrome	http://www.ebi.ac.uk/efo/EFO_0000195	GCST009602	Genome-wide genotyping array
2020-02-12	31589552	Lind L	2019-10-07	Metab Syndr Relat Disord	www.ncbi.nlm.nih.gov/pubmed/31589552	Genome-Wide Association Study of the Metabolic Syndrome in UK Biobank.	Metabolic syndrome	291,107 European ancestry individuals	NA	10q23.33	10	93037445	EXOC6	EXOC6			ENSG00000138190			rs535286942-AT	rs535286942	1	397846785	intron_variant	0	0.374794	4E-8	7.3979400086720375		0.037682	[0.024-0.051] unit decrease	Affymetrix [9463307] (imputed)	N	metabolic syndrome	http://www.ebi.ac.uk/efo/EFO_0000195	GCST009602	Genome-wide genotyping array
2020-02-12	31589552	Lind L	2019-10-07	Metab Syndr Relat Disord	www.ncbi.nlm.nih.gov/pubmed/31589552	Genome-Wide Association Study of the Metabolic Syndrome in UK Biobank.	Metabolic syndrome	291,107 European ancestry individuals	NA	20q13.33	20	64080700	OPRL1	OPRL1			ENSG00000125510			rs8121509-C	rs8121509	0	8121509	intron_variant	0	0.451827	4E-8	7.3979400086720375		0.0360691	[0.023-0.049] unit decrease	Affymetrix [9463307] (imputed)	N	metabolic syndrome	http://www.ebi.ac.uk/efo/EFO_0000195	GCST009602	Genome-wide genotyping array
2020-02-12	31589552	Lind L	2019-10-07	Metab Syndr Relat Disord	www.ncbi.nlm.nih.gov/pubmed/31589552	Genome-Wide Association Study of the Metabolic Syndrome in UK Biobank.	Metabolic syndrome	291,107 European ancestry individuals	NA	3p22.2	3	39075189	WDR48	WDR48			ENSG00000114742			rs143321598-CT	rs143321598	0	143321598	intron_variant	0	0.488259	4E-8	7.3979400086720375		0.0382859	[0.025-0.052] unit decrease	Affymetrix [9463307] (imputed)	N	metabolic syndrome	http://www.ebi.ac.uk/efo/EFO_0000195	GCST009602	Genome-wide genotyping array
2020-02-12	31589552	Lind L	2019-10-07	Metab Syndr Relat Disord	www.ncbi.nlm.nih.gov/pubmed/31589552	Genome-Wide Association Study of the Metabolic Syndrome in UK Biobank.	Metabolic syndrome	291,107 European ancestry individuals	NA	6q26	6	162553872	PARK2	PRKN			ENSG00000185345			rs10945840-C	rs10945840	0	10945840	intron_variant	0	0.332614	4E-8	7.3979400086720375		0.0382931	[0.025-0.052] unit decrease	Affymetrix [9463307] (imputed)	N	metabolic syndrome	http://www.ebi.ac.uk/efo/EFO_0000195	GCST009602	Genome-wide genotyping array
2020-02-12	31589552	Lind L	2019-10-07	Metab Syndr Relat Disord	www.ncbi.nlm.nih.gov/pubmed/31589552	Genome-Wide Association Study of the Metabolic Syndrome in UK Biobank.	Metabolic syndrome	291,107 European ancestry individuals	NA	12q13.12	12	49853685	BCDIN3D	BCDIN3D - RPL35AP28	ENSG00000186666	ENSG00000242041		10579	9488	rs7138803-A	rs7138803	0	7138803	intergenic_variant	1	0.368675	4E-8	7.3979400086720375		0.0369574	[0.024-0.05] unit increase	Affymetrix [9463307] (imputed)	N	metabolic syndrome	http://www.ebi.ac.uk/efo/EFO_0000195	GCST009602	Genome-wide genotyping array
2020-02-12	31589552	Lind L	2019-10-07	Metab Syndr Relat Disord	www.ncbi.nlm.nih.gov/pubmed/31589552	Genome-Wide Association Study of the Metabolic Syndrome in UK Biobank.	Metabolic syndrome	291,107 European ancestry individuals	NA	17q21.32	17	49286745	MIR6129	FLJ40194			ENSG00000177369			rs11655056-C	rs11655056	0	11655056	intron_variant	0	0.46087	4E-8	7.3979400086720375		0.0359929	[0.023-0.049] unit increase	Affymetrix [9463307] (imputed)	N	metabolic syndrome	http://www.ebi.ac.uk/efo/EFO_0000195	GCST009602	Genome-wide genotyping array
2020-02-12	31589552	Lind L	2019-10-07	Metab Syndr Relat Disord	www.ncbi.nlm.nih.gov/pubmed/31589552	Genome-Wide Association Study of the Metabolic Syndrome in UK Biobank.	Metabolic syndrome	291,107 European ancestry individuals	NA	8p22	8	18414867	NAT2	NAT2 - PSD3	ENSG00000156006	ENSG00000156011		13649	112436	rs4921913-C	rs4921913	0	4921913	intergenic_variant	1	0.221605	5E-8	7.301029995663981		0.0426441	[0.027-0.058] unit increase	Affymetrix [9463307] (imputed)	N	metabolic syndrome	http://www.ebi.ac.uk/efo/EFO_0000195	GCST009602	Genome-wide genotyping array
2020-02-12	31589552	Lind L	2019-10-07	Metab Syndr Relat Disord	www.ncbi.nlm.nih.gov/pubmed/31589552	Genome-Wide Association Study of the Metabolic Syndrome in UK Biobank.	Metabolic syndrome	291,107 European ancestry individuals	NA	5q13.3	5	75707853	POC5	POC5			ENSG00000152359			rs2307111-C	rs2307111	0	2307111	missense_variant	0	0.393101	5E-8	7.301029995663981		0.0366715	[0.024-0.05] unit decrease	Affymetrix [9463307] (imputed)	N	metabolic syndrome	http://www.ebi.ac.uk/efo/EFO_0000195	GCST009602	Genome-wide genotyping array
2020-02-12	31589552	Lind L	2019-10-07	Metab Syndr Relat Disord	www.ncbi.nlm.nih.gov/pubmed/31589552	Genome-Wide Association Study of the Metabolic Syndrome in UK Biobank.	Metabolic syndrome	291,107 European ancestry individuals	NA	15q15.3	15	43735687	CATSPER2P1	CATSPER2P1			ENSG00000205771			rs139974673-C	rs139974673	0	139974673	intron_variant	0	0.0251253	1E-15	15.0		0.160596	[0.12-0.2] unit increase	Affymetrix [9463307] (imputed)	N	metabolic syndrome	http://www.ebi.ac.uk/efo/EFO_0000195	GCST009602	Genome-wide genotyping array
2020-02-12	31589552	Lind L	2019-10-07	Metab Syndr Relat Disord	www.ncbi.nlm.nih.gov/pubmed/31589552	Genome-Wide Association Study of the Metabolic Syndrome in UK Biobank.	Metabolic syndrome	291,107 European ancestry individuals	NA	16q13	16	56956804	CETP	HERPUD1 - CETP	ENSG00000051108	ENSG00000087237		11940	5119	rs247617-A	rs247617	0	247617	regulatory_region_variant	1	0.324218	2E-166	165.69897000433602		0.196432	[0.18-0.21] unit decrease	Affymetrix [9463307] (imputed)	N	metabolic syndrome	http://www.ebi.ac.uk/efo/EFO_0000195	GCST009602	Genome-wide genotyping array
2020-02-12	31589552	Lind L	2019-10-07	Metab Syndr Relat Disord	www.ncbi.nlm.nih.gov/pubmed/31589552	Genome-Wide Association Study of the Metabolic Syndrome in UK Biobank.	Metabolic syndrome	291,107 European ancestry individuals	NA	20q13.12	20	44413724	HNF4A	HNF4A			ENSG00000101076			rs1800961-T	rs1800961	0	1800961	missense_variant	0	0.0314816	1E-14	14.0		0.138848	[0.1-0.17] unit increase	Affymetrix [9463307] (imputed)	N	metabolic syndrome	http://www.ebi.ac.uk/efo/EFO_0000195	GCST009602	Genome-wide genotyping array
2020-02-12	31589552	Lind L	2019-10-07	Metab Syndr Relat Disord	www.ncbi.nlm.nih.gov/pubmed/31589552	Genome-Wide Association Study of the Metabolic Syndrome in UK Biobank.	Metabolic syndrome	291,107 European ancestry individuals	NA	17q21.31	17	43848758	CD300LG	CD300LG			ENSG00000161649			rs72836561-T	rs72836561	0	72836561	missense_variant	0	0.0322648	5E-43	42.30102999566398		0.23953	[0.21-0.27] unit increase	Affymetrix [9463307] (imputed)	N	metabolic syndrome	http://www.ebi.ac.uk/efo/EFO_0000195	GCST009602	Genome-wide genotyping array
2020-02-12	31589552	Lind L	2019-10-07	Metab Syndr Relat Disord	www.ncbi.nlm.nih.gov/pubmed/31589552	Genome-Wide Association Study of the Metabolic Syndrome in UK Biobank.	Metabolic syndrome	291,107 European ancestry individuals	NA	16q22.1	16	69559452	MIR1538, NFAT5	CYB5B - NFAT5	ENSG00000103018	ENSG00000102908		93188	5642	rs12599637-C	rs12599637	0	12599637	intergenic_variant	1	0.40682	5E-14	13.301029995663981		0.0509657	[0.038-0.064] unit decrease	Affymetrix [9463307] (imputed)	N	metabolic syndrome	http://www.ebi.ac.uk/efo/EFO_0000195	GCST009602	Genome-wide genotyping array
2020-02-12	31589552	Lind L	2019-10-07	Metab Syndr Relat Disord	www.ncbi.nlm.nih.gov/pubmed/31589552	Genome-Wide Association Study of the Metabolic Syndrome in UK Biobank.	Metabolic syndrome	291,107 European ancestry individuals	NA	19p13.2	19	8364439	ANGPTL4	ANGPTL4			ENSG00000167772			rs116843064-A	rs116843064	0	116843064	missense_variant	0	0.0191837	1E-37	37.0		0.337476	[0.29-0.39] unit decrease	Affymetrix [9463307] (imputed)	N	metabolic syndrome	http://www.ebi.ac.uk/efo/EFO_0000195	GCST009602	Genome-wide genotyping array
2020-02-12	31589552	Lind L	2019-10-07	Metab Syndr Relat Disord	www.ncbi.nlm.nih.gov/pubmed/31589552	Genome-Wide Association Study of the Metabolic Syndrome in UK Biobank.	Metabolic syndrome	291,107 European ancestry individuals	NA	6q24.1	6	139512875	LINC01625	LINC01625 - ATP5PBP6	ENSG00000238099	ENSG00000219806		38217	101563	rs632057-T	rs632057	0	632057	intron_variant	1	0.372799	5E-13	12.301029995663981		0.0486791	[0.035-0.062] unit decrease	Affymetrix [9463307] (imputed)	N	metabolic syndrome	http://www.ebi.ac.uk/efo/EFO_0000195	GCST009602	Genome-wide genotyping array
2020-02-12	31589552	Lind L	2019-10-07	Metab Syndr Relat Disord	www.ncbi.nlm.nih.gov/pubmed/31589552	Genome-Wide Association Study of the Metabolic Syndrome in UK Biobank.	Metabolic syndrome	291,107 European ancestry individuals	NA	19q13.32	19	44912921	APOC1	APOE - APOC1	ENSG00000130203	ENSG00000130208		3528	1326	rs483082-T	rs483082	0	483082	non_coding_transcript_exon_variant	1	0.238624	2E-32	31.69897000433602		0.0899299	[0.075-0.105] unit increase	Affymetrix [9463307] (imputed)	N	metabolic syndrome	http://www.ebi.ac.uk/efo/EFO_0000195	GCST009602	Genome-wide genotyping array
2020-02-12	31589552	Lind L	2019-10-07	Metab Syndr Relat Disord	www.ncbi.nlm.nih.gov/pubmed/31589552	Genome-Wide Association Study of the Metabolic Syndrome in UK Biobank.	Metabolic syndrome	291,107 European ancestry individuals	NA	1p36.11	1	26695422	ARID1A	ARID1A			ENSG00000117713			rs114165349-C	rs114165349	0	114165349	intron_variant	0	0.0235174	2E-12	11.698970004336019		0.147253	[0.11-0.19] unit increase	Affymetrix [9463307] (imputed)	N	metabolic syndrome	http://www.ebi.ac.uk/efo/EFO_0000195	GCST009602	Genome-wide genotyping array
2020-02-12	31589552	Lind L	2019-10-07	Metab Syndr Relat Disord	www.ncbi.nlm.nih.gov/pubmed/31589552	Genome-Wide Association Study of the Metabolic Syndrome in UK Biobank.	Metabolic syndrome	291,107 European ancestry individuals	NA	11q12.2	11	61830500	FADS2	FADS2			ENSG00000134824			rs1535-G	rs1535	0	1535	intron_variant	0	0.347774	3E-31	30.522878745280337		0.0792125	[0.066-0.093] unit increase	Affymetrix [9463307] (imputed)	N	metabolic syndrome	http://www.ebi.ac.uk/efo/EFO_0000195	GCST009602	Genome-wide genotyping array
2020-02-12	31589552	Lind L	2019-10-07	Metab Syndr Relat Disord	www.ncbi.nlm.nih.gov/pubmed/31589552	Genome-Wide Association Study of the Metabolic Syndrome in UK Biobank.	Metabolic syndrome	291,107 European ancestry individuals	NA	19q13.32	19	47068681	ZC3H4	ZC3H4			ENSG00000130749			rs1532127-G	rs1532127	0	1532127	intron_variant	0	0.314222	2E-11	10.698970004336019		0.0472097	[0.033-0.061] unit decrease	Affymetrix [9463307] (imputed)	N	metabolic syndrome	http://www.ebi.ac.uk/efo/EFO_0000195	GCST009602	Genome-wide genotyping array
2020-02-12	31589552	Lind L	2019-10-07	Metab Syndr Relat Disord	www.ncbi.nlm.nih.gov/pubmed/31589552	Genome-Wide Association Study of the Metabolic Syndrome in UK Biobank.	Metabolic syndrome	291,107 European ancestry individuals	NA	16q12.2	16	53772541	FTO	FTO			ENSG00000140718			rs56094641-G	rs56094641	0	56094641	intron_variant	0	0.402905	1E-28	28.0		0.0736765	[0.061-0.087] unit increase	Affymetrix [9463307] (imputed)	N	metabolic syndrome	http://www.ebi.ac.uk/efo/EFO_0000195	GCST009602	Genome-wide genotyping array
2020-02-12	31589552	Lind L	2019-10-07	Metab Syndr Relat Disord	www.ncbi.nlm.nih.gov/pubmed/31589552	Genome-Wide Association Study of the Metabolic Syndrome in UK Biobank.	Metabolic syndrome	291,107 European ancestry individuals	NA	3q25.31	3	157079859	LINC00880	LEKR1 - LINC00880	ENSG00000197980	ENSG00000243629		33730	1808	rs10049088-T	rs10049088	0	10049088	upstream_gene_variant	1	0.386891	5E-11	10.301029995663981		0.0443217	[0.031-0.058] unit decrease	Affymetrix [9463307] (imputed)	N	metabolic syndrome	http://www.ebi.ac.uk/efo/EFO_0000195	GCST009602	Genome-wide genotyping array
2020-02-12	31589552	Lind L	2019-10-07	Metab Syndr Relat Disord	www.ncbi.nlm.nih.gov/pubmed/31589552	Genome-Wide Association Study of the Metabolic Syndrome in UK Biobank.	Metabolic syndrome	291,107 European ancestry individuals	NA	6p21.1	6	43790159	VEGFA	VEGFA - LINC02537	ENSG00000112715	ENSG00000283215		3672	54719	rs998584-A	rs998584	0	998584	downstream_gene_variant	1	0.481524	4E-27	26.397940008672037		0.0706852	[0.058-0.084] unit increase	Affymetrix [9463307] (imputed)	N	metabolic syndrome	http://www.ebi.ac.uk/efo/EFO_0000195	GCST009602	Genome-wide genotyping array
2020-02-12	31589552	Lind L	2019-10-07	Metab Syndr Relat Disord	www.ncbi.nlm.nih.gov/pubmed/31589552	Genome-Wide Association Study of the Metabolic Syndrome in UK Biobank.	Metabolic syndrome	291,107 European ancestry individuals	NA	4q21.3	4	87061724	AFF1	AFF1			ENSG00000172493			rs7660883-G	rs7660883	0	7660883	intron_variant	0	0.377013	6E-11	10.221848749616356		0.0443878	[0.031-0.058] unit decrease	Affymetrix [9463307] (imputed)	N	metabolic syndrome	http://www.ebi.ac.uk/efo/EFO_0000195	GCST009602	Genome-wide genotyping array
2020-02-12	31589552	Lind L	2019-10-07	Metab Syndr Relat Disord	www.ncbi.nlm.nih.gov/pubmed/31589552	Genome-Wide Association Study of the Metabolic Syndrome in UK Biobank.	Metabolic syndrome	291,107 European ancestry individuals	NA	7q11.23	7	73464315	BAZ1B	BAZ1B			ENSG00000009954			rs12056034-G	rs12056034	0	12056034	intron_variant	0	0.124753	8E-22	21.096910013008056		0.0968365	[0.077-0.117] unit increase	Affymetrix [9463307] (imputed)	N	metabolic syndrome	http://www.ebi.ac.uk/efo/EFO_0000195	GCST009602	Genome-wide genotyping array
2020-02-12	31589552	Lind L	2019-10-07	Metab Syndr Relat Disord	www.ncbi.nlm.nih.gov/pubmed/31589552	Genome-Wide Association Study of the Metabolic Syndrome in UK Biobank.	Metabolic syndrome	291,107 European ancestry individuals	NA	7p15.2	7	26357619	SNX10	SNX10			ENSG00000086300			rs1534696-C	rs1534696	0	1534696	intron_variant	0	0.460436	9E-11	10.045757490560675		0.0424362	[0.03-0.055] unit increase	Affymetrix [9463307] (imputed)	N	metabolic syndrome	http://www.ebi.ac.uk/efo/EFO_0000195	GCST009602	Genome-wide genotyping array
2020-02-12	31589552	Lind L	2019-10-07	Metab Syndr Relat Disord	www.ncbi.nlm.nih.gov/pubmed/31589552	Genome-Wide Association Study of the Metabolic Syndrome in UK Biobank.	Metabolic syndrome	291,107 European ancestry individuals	NA	16q23.2	16	81501185	CMIP	CMIP			ENSG00000153815			rs2925979-T	rs2925979	0	2925979	intron_variant	0	0.301767	3E-18	17.522878745280337		0.0616096	[0.048-0.075] unit increase	Affymetrix [9463307] (imputed)	N	metabolic syndrome	http://www.ebi.ac.uk/efo/EFO_0000195	GCST009602	Genome-wide genotyping array
2020-02-12	31589552	Lind L	2019-10-07	Metab Syndr Relat Disord	www.ncbi.nlm.nih.gov/pubmed/31589552	Genome-Wide Association Study of the Metabolic Syndrome in UK Biobank.	Metabolic syndrome	291,107 European ancestry individuals	NA	6p21.33	6	31358512	HLA-B	HLA-B - DHFRP2	ENSG00000206450	ENSG00000228432		1324	7840	rs9378248-A	rs9378248	0	9378248	upstream_gene_variant	1	0.339668	2E-10	9.698970004336019		0.0440684	[0.031-0.058] unit increase	Affymetrix [9463307] (imputed)	N	metabolic syndrome	http://www.ebi.ac.uk/efo/EFO_0000195	GCST009602	Genome-wide genotyping array
2020-02-12	31589552	Lind L	2019-10-07	Metab Syndr Relat Disord	www.ncbi.nlm.nih.gov/pubmed/31589552	Genome-Wide Association Study of the Metabolic Syndrome in UK Biobank.	Metabolic syndrome	291,107 European ancestry individuals	NA	10q24.2	10	98012647	CRTAC1	CRTAC1			ENSG00000095713			rs563296-G	rs563296	0	563296	intron_variant	0	0.44029	2E-10	9.698970004336019		0.0419399	[0.029-0.055] unit decrease	Affymetrix [9463307] (imputed)	N	metabolic syndrome	http://www.ebi.ac.uk/efo/EFO_0000195	GCST009602	Genome-wide genotyping array
2020-02-12	31589552	Lind L	2019-10-07	Metab Syndr Relat Disord	www.ncbi.nlm.nih.gov/pubmed/31589552	Genome-Wide Association Study of the Metabolic Syndrome in UK Biobank.	Metabolic syndrome	291,107 European ancestry individuals	NA	15q15.1	15	41563538	TYRO3	TYRO3			ENSG00000092445			rs1023193-T	rs1023193	0	1023193	intron_variant	0	0.305574	2E-10	9.698970004336019		0.045397	[0.031-0.059] unit decrease	Affymetrix [9463307] (imputed)	N	metabolic syndrome	http://www.ebi.ac.uk/efo/EFO_0000195	GCST009602	Genome-wide genotyping array
2020-02-12	31589552	Lind L	2019-10-07	Metab Syndr Relat Disord	www.ncbi.nlm.nih.gov/pubmed/31589552	Genome-Wide Association Study of the Metabolic Syndrome in UK Biobank.	Metabolic syndrome	291,107 European ancestry individuals	NA	4q24	4	102267552	SLC39A8	SLC39A8			ENSG00000138821			rs13107325-T	rs13107325	0	13107325	missense_variant	0	0.0748556	4E-10	9.397940008672037		0.0760904	[0.052-0.1] unit increase	Affymetrix [9463307] (imputed)	N	metabolic syndrome	http://www.ebi.ac.uk/efo/EFO_0000195	GCST009602	Genome-wide genotyping array
2020-02-12	31589552	Lind L	2019-10-07	Metab Syndr Relat Disord	www.ncbi.nlm.nih.gov/pubmed/31589552	Genome-Wide Association Study of the Metabolic Syndrome in UK Biobank.	Metabolic syndrome	291,107 European ancestry individuals	NA				ZNF664							chr12:124503803-CAA	chr12:124503803	0			1	0.436617	4E-10	9.397940008672037		0.0414889	[0.028-0.055] unit decrease	Affymetrix [9463307] (imputed)	N	metabolic syndrome	http://www.ebi.ac.uk/efo/EFO_0000195	GCST009602	Genome-wide genotyping array
2020-02-12	31589552	Lind L	2019-10-07	Metab Syndr Relat Disord	www.ncbi.nlm.nih.gov/pubmed/31589552	Genome-Wide Association Study of the Metabolic Syndrome in UK Biobank.	Metabolic syndrome	291,107 European ancestry individuals	NA	17q25.3	17	78402044	PGS1	PGS1			ENSG00000087157			rs779518917-GTGT	rs779518917	0	779518917	intron_variant	0	0.403203	5E-10	9.301029995663981		0.0415352	[0.028-0.055] unit increase	Affymetrix [9463307] (imputed)	N	metabolic syndrome	http://www.ebi.ac.uk/efo/EFO_0000195	GCST009602	Genome-wide genotyping array
2020-02-12	31589552	Lind L	2019-10-07	Metab Syndr Relat Disord	www.ncbi.nlm.nih.gov/pubmed/31589552	Genome-Wide Association Study of the Metabolic Syndrome in UK Biobank.	Metabolic syndrome	291,107 European ancestry individuals	NA	11q13.1	11	65061370	NAALADL1	NAALADL1 - CDCA5	ENSG00000168060	ENSG00000146670		2817	4930	rs35661464-T	rs35661464	0	35661464	TF_binding_site_variant	1	0.252033	5E-10	9.301029995663981		0.0463799	[0.032-0.061] unit increase	Affymetrix [9463307] (imputed)	N	metabolic syndrome	http://www.ebi.ac.uk/efo/EFO_0000195	GCST009602	Genome-wide genotyping array
2020-02-12	31589552	Lind L	2019-10-07	Metab Syndr Relat Disord	www.ncbi.nlm.nih.gov/pubmed/31589552	Genome-Wide Association Study of the Metabolic Syndrome in UK Biobank.	Metabolic syndrome	291,107 European ancestry individuals	NA	11q23.3	11	116778201	ZPR1	ZPR1			ENSG00000109917			rs964184-G	rs964184	0	964184	3_prime_UTR_variant	0	0.132408	7E-167	166.15490195998575		0.252628	[0.23-0.27] unit increase	Affymetrix [9463307] (imputed)	N	metabolic syndrome	http://www.ebi.ac.uk/efo/EFO_0000195	GCST009602	Genome-wide genotyping array
2020-02-12	31589552	Lind L	2019-10-07	Metab Syndr Relat Disord	www.ncbi.nlm.nih.gov/pubmed/31589552	Genome-Wide Association Study of the Metabolic Syndrome in UK Biobank.	Metabolic syndrome	291,107 European ancestry individuals	NA	8p23.1	8	9325848	LOC157273	RNU6-1151P - RNU6-526P	ENSG00000284864	ENSG00000201815		38270	45242	rs9987289-A	rs9987289	0	9987289	non_coding_transcript_exon_variant	1	0.0919748	3E-15	14.522878745280337		0.0873883	[0.066-0.109] unit increase	Affymetrix [9463307] (imputed)	N	metabolic syndrome	http://www.ebi.ac.uk/efo/EFO_0000195	GCST009602	Genome-wide genotyping array
2020-02-12	31589552	Lind L	2019-10-07	Metab Syndr Relat Disord	www.ncbi.nlm.nih.gov/pubmed/31589552	Genome-Wide Association Study of the Metabolic Syndrome in UK Biobank.	Metabolic syndrome	291,107 European ancestry individuals	NA	8p21.3	8	20003850	LPL	LPL - NA	ENSG00000175445			36591		rs3844510-C	rs3844510	0	3844510	intergenic_variant	1	0.26399	1E-138	138.0		0.191134	[0.18-0.21] unit decrease	Affymetrix [9463307] (imputed)	N	metabolic syndrome	http://www.ebi.ac.uk/efo/EFO_0000195	GCST009602	Genome-wide genotyping array
2020-02-12	31589552	Lind L	2019-10-07	Metab Syndr Relat Disord	www.ncbi.nlm.nih.gov/pubmed/31589552	Genome-Wide Association Study of the Metabolic Syndrome in UK Biobank.	Metabolic syndrome	291,107 European ancestry individuals	NA	10q21.3	10	63311455	JMJD1C	JMJD1C			ENSG00000171988			rs10822155-A	rs10822155	0	10822155	intron_variant	0	0.41581	2E-14	13.698970004336019		0.0511185	[0.038-0.064] unit decrease	Affymetrix [9463307] (imputed)	N	metabolic syndrome	http://www.ebi.ac.uk/efo/EFO_0000195	GCST009602	Genome-wide genotyping array
2020-02-12	31589552	Lind L	2019-10-07	Metab Syndr Relat Disord	www.ncbi.nlm.nih.gov/pubmed/31589552	Genome-Wide Association Study of the Metabolic Syndrome in UK Biobank.	Metabolic syndrome	291,107 European ancestry individuals	NA	8q24.13	8	125495066	TRIB1	TRIB1 - LINC00861	ENSG00000173334	ENSG00000245164		56663	364655	rs2980888-T	rs2980888	0	2980888	intron_variant	1	0.299847	4E-42	41.39794000867204		0.0959522	[0.082-0.11] unit increase	Affymetrix [9463307] (imputed)	N	metabolic syndrome	http://www.ebi.ac.uk/efo/EFO_0000195	GCST009602	Genome-wide genotyping array
2020-02-12	31589552	Lind L	2019-10-07	Metab Syndr Relat Disord	www.ncbi.nlm.nih.gov/pubmed/31589552	Genome-Wide Association Study of the Metabolic Syndrome in UK Biobank.	Metabolic syndrome	291,107 European ancestry individuals	NA	1p31.3	1	62440818	USP1	USP1			ENSG00000162607			rs638714-T	rs638714	0	638714	intron_variant	0	0.347785	1E-13	13.0		0.0514954	[0.038-0.065] unit decrease	Affymetrix [9463307] (imputed)	N	metabolic syndrome	http://www.ebi.ac.uk/efo/EFO_0000195	GCST009602	Genome-wide genotyping array
2020-02-12	31589552	Lind L	2019-10-07	Metab Syndr Relat Disord	www.ncbi.nlm.nih.gov/pubmed/31589552	Genome-Wide Association Study of the Metabolic Syndrome in UK Biobank.	Metabolic syndrome	291,107 European ancestry individuals	NA	1q42.13	1	230161390	GALNT2	GALNT2			ENSG00000143641			rs2281721-C	rs2281721	0	2281721	intron_variant	0	0.38621	1E-34	34.0		0.0820747	[0.069-0.095] unit increase	Affymetrix [9463307] (imputed)	N	metabolic syndrome	http://www.ebi.ac.uk/efo/EFO_0000195	GCST009602	Genome-wide genotyping array
2020-02-12	31589552	Lind L	2019-10-07	Metab Syndr Relat Disord	www.ncbi.nlm.nih.gov/pubmed/31589552	Genome-Wide Association Study of the Metabolic Syndrome in UK Biobank.	Metabolic syndrome	291,107 European ancestry individuals	NA	7q32.2	7	130746210	KLF14	KLF14 - H4P1	ENSG00000266265	ENSG00000240680		12003	76995	rs10260148-T	rs10260148	0	10260148	intergenic_variant	1	0.27901	7E-13	12.154901959985743		0.0521287	[0.038-0.066] unit increase	Affymetrix [9463307] (imputed)	N	metabolic syndrome	http://www.ebi.ac.uk/efo/EFO_0000195	GCST009602	Genome-wide genotyping array
2020-02-12	31589552	Lind L	2019-10-07	Metab Syndr Relat Disord	www.ncbi.nlm.nih.gov/pubmed/31589552	Genome-Wide Association Study of the Metabolic Syndrome in UK Biobank.	Metabolic syndrome	291,107 European ancestry individuals	NA	2p24.1	2	21014672	APOB	APOB			ENSG00000084674			rs673548-A	rs673548	0	673548	intron_variant	0	0.204049	2E-32	31.69897000433602		0.0977899	[0.082-0.114] unit decrease	Affymetrix [9463307] (imputed)	N	metabolic syndrome	http://www.ebi.ac.uk/efo/EFO_0000195	GCST009602	Genome-wide genotyping array
2020-02-12	31589552	Lind L	2019-10-07	Metab Syndr Relat Disord	www.ncbi.nlm.nih.gov/pubmed/31589552	Genome-Wide Association Study of the Metabolic Syndrome in UK Biobank.	Metabolic syndrome	291,107 European ancestry individuals	NA	2q24.3	2	164675944	COBLL1	COBLL1			ENSG00000082438			rs10187501-G	rs10187501	0	10187501	intron_variant	0	0.346097	2E-11	10.698970004336019		0.0465591	[0.033-0.06] unit decrease	Affymetrix [9463307] (imputed)	N	metabolic syndrome	http://www.ebi.ac.uk/efo/EFO_0000195	GCST009602	Genome-wide genotyping array
2020-02-12	31589552	Lind L	2019-10-07	Metab Syndr Relat Disord	www.ncbi.nlm.nih.gov/pubmed/31589552	Genome-Wide Association Study of the Metabolic Syndrome in UK Biobank.	Metabolic syndrome	291,107 European ancestry individuals	NA	15q21.3	15	58386521	LIPC	ALDH1A2			ENSG00000128918			rs261290-T	rs261290	0	261290	intron_variant	0	0.347343	2E-29	28.69897000433602		0.0779563	[0.064-0.092] unit decrease	Affymetrix [9463307] (imputed)	N	metabolic syndrome	http://www.ebi.ac.uk/efo/EFO_0000195	GCST009602	Genome-wide genotyping array
2020-02-12	31589552	Lind L	2019-10-07	Metab Syndr Relat Disord	www.ncbi.nlm.nih.gov/pubmed/31589552	Genome-Wide Association Study of the Metabolic Syndrome in UK Biobank.	Metabolic syndrome	291,107 European ancestry individuals	NA	18q11.2	18	23540071	NPC1	NPC1			ENSG00000141458			rs7239575-C	rs7239575	0	7239575	intron_variant	0	0.49327	4E-11	10.397940008672037		0.043234	[0.03-0.056] unit decrease	Affymetrix [9463307] (imputed)	N	metabolic syndrome	http://www.ebi.ac.uk/efo/EFO_0000195	GCST009602	Genome-wide genotyping array
2020-02-12	31589552	Lind L	2019-10-07	Metab Syndr Relat Disord	www.ncbi.nlm.nih.gov/pubmed/31589552	Genome-Wide Association Study of the Metabolic Syndrome in UK Biobank.	Metabolic syndrome	291,107 European ancestry individuals	NA	2q36.3	2	226230443	NEU2	NYAP2 - MIR5702	ENSG00000144460	ENSG00000263363		576425	428267	rs2138161-T	rs2138161	0	2138161	regulatory_region_variant	1	0.351852	8E-28	27.096910013008056		0.0752413	[0.062-0.089] unit decrease	Affymetrix [9463307] (imputed)	N	metabolic syndrome	http://www.ebi.ac.uk/efo/EFO_0000195	GCST009602	Genome-wide genotyping array
2020-02-12	31589552	Lind L	2019-10-07	Metab Syndr Relat Disord	www.ncbi.nlm.nih.gov/pubmed/31589552	Genome-Wide Association Study of the Metabolic Syndrome in UK Biobank.	Metabolic syndrome	291,107 European ancestry individuals	NA	2p14	2	65048915	CEP68	LINC02245, LINC02576			ENSG00000237638, ENSG00000232613			rs1009360-C	rs1009360	0	1009360	intron_variant	0	0.415241	5E-11	10.301029995663981		0.0435887	[0.031-0.056] unit decrease	Affymetrix [9463307] (imputed)	N	metabolic syndrome	http://www.ebi.ac.uk/efo/EFO_0000195	GCST009602	Genome-wide genotyping array
2020-02-12	31589552	Lind L	2019-10-07	Metab Syndr Relat Disord	www.ncbi.nlm.nih.gov/pubmed/31589552	Genome-Wide Association Study of the Metabolic Syndrome in UK Biobank.	Metabolic syndrome	291,107 European ancestry individuals	NA	8p21.3	8	20079176	SLC18A1	NA - RPL30P9		ENSG00000242709			34167	rs28597716-G	rs28597716	0	28597716	non_coding_transcript_exon_variant	1	0.189687	1E-24	24.0		0.152184	[0.14-0.17] unit decrease	Affymetrix [9463307] (imputed)	N	metabolic syndrome	http://www.ebi.ac.uk/efo/EFO_0000195	GCST009602	Genome-wide genotyping array
2020-02-12	31589552	Lind L	2019-10-07	Metab Syndr Relat Disord	www.ncbi.nlm.nih.gov/pubmed/31589552	Genome-Wide Association Study of the Metabolic Syndrome in UK Biobank.	Metabolic syndrome	291,107 European ancestry individuals	NA	16p13.11	16	15054789	PDXDC1	PDXDC1, PDXDC1, NTAN1, NTAN1			ENSG00000179889, ENSG00000275498, ENSG00000275779, ENSG00000157045			rs11075253-A	rs11075253	0	11075253	intron_variant	0	0.297121	7E-11	10.154901959985743		0.0468788	[0.033-0.061] unit decrease	Affymetrix [9463307] (imputed)	N	metabolic syndrome	http://www.ebi.ac.uk/efo/EFO_0000195	GCST009602	Genome-wide genotyping array
2020-02-12	31589552	Lind L	2019-10-07	Metab Syndr Relat Disord	www.ncbi.nlm.nih.gov/pubmed/31589552	Genome-Wide Association Study of the Metabolic Syndrome in UK Biobank.	Metabolic syndrome	291,107 European ancestry individuals	NA	18q21.32	18	60181418	MC4R	RNU4-17P - MC4R	ENSG00000202468	ENSG00000166603		17711	189644	rs66922415-G	rs66922415	0	66922415	intergenic_variant	1	0.234519	6E-19	18.221848749616356		0.0678461	[0.053-0.083] unit increase	Affymetrix [9463307] (imputed)	N	metabolic syndrome	http://www.ebi.ac.uk/efo/EFO_0000195	GCST009602	Genome-wide genotyping array
2020-02-12	31589552	Lind L	2019-10-07	Metab Syndr Relat Disord	www.ncbi.nlm.nih.gov/pubmed/31589552	Genome-Wide Association Study of the Metabolic Syndrome in UK Biobank.	Metabolic syndrome	291,107 European ancestry individuals	NA	2p25.3	2	620297	TMEM18	LINC01875 - TMEM18	ENSG00000225942	ENSG00000151353		73630	43580	rs7563362-A	rs7563362	0	7563362	intergenic_variant	1	0.142333	1E-10	10.0		0.0613566	[0.043-0.08] unit decrease	Affymetrix [9463307] (imputed)	N	metabolic syndrome	http://www.ebi.ac.uk/efo/EFO_0000195	GCST009602	Genome-wide genotyping array
2020-02-12	31589552	Lind L	2019-10-07	Metab Syndr Relat Disord	www.ncbi.nlm.nih.gov/pubmed/31589552	Genome-Wide Association Study of the Metabolic Syndrome in UK Biobank.	Metabolic syndrome	291,107 European ancestry individuals	NA	11p11.2	11	47508395	CELF1	CELF1			ENSG00000149187			rs7124681-A	rs7124681	0	7124681	intron_variant	0	0.408583	3E-17	16.522878745280337		0.055786	[0.043-0.069] unit increase	Affymetrix [9463307] (imputed)	N	metabolic syndrome	http://www.ebi.ac.uk/efo/EFO_0000195	GCST009602	Genome-wide genotyping array
2020-02-12	31589552	Lind L	2019-10-07	Metab Syndr Relat Disord	www.ncbi.nlm.nih.gov/pubmed/31589552	Genome-Wide Association Study of the Metabolic Syndrome in UK Biobank.	Metabolic syndrome	291,107 European ancestry individuals	NA	1p34.3	1	39582337	PABPC4	PABPC4 - HEYL	ENSG00000090621	ENSG00000163909		5547	41098	rs11206374-A	rs11206374	0	11206374	intergenic_variant	1	0.2254766	4E-17	16.397940008672037		0.065077	[0.05-0.08] unit increase	Affymetrix [9463307] (imputed)	N	metabolic syndrome	http://www.ebi.ac.uk/efo/EFO_0000195	GCST009602	Genome-wide genotyping array
2020-02-12	31589552	Lind L	2019-10-07	Metab Syndr Relat Disord	www.ncbi.nlm.nih.gov/pubmed/31589552	Genome-Wide Association Study of the Metabolic Syndrome in UK Biobank.	Metabolic syndrome	291,107 European ancestry individuals	NA				PCIF1							chr20:44553722-T	chr20:44553722	0			1	0.187918	6E-17	16.221848749616356		0.0694639	[0.053-0.086] unit increase	Affymetrix [9463307] (imputed)	N	metabolic syndrome	http://www.ebi.ac.uk/efo/EFO_0000195	GCST009602	Genome-wide genotyping array
2020-02-12	31589552	Lind L	2019-10-07	Metab Syndr Relat Disord	www.ncbi.nlm.nih.gov/pubmed/31589552	Genome-Wide Association Study of the Metabolic Syndrome in UK Biobank.	Metabolic syndrome	291,107 European ancestry individuals	NA	3q22.3	3	136236137	PCCB	MSL2 - PCCB	ENSG00000174579	ENSG00000114054		38896	14203	rs61789601-T	rs61789601	0	61789601	regulatory_region_variant	1	0.202909	8E-17	16.096910013008056		0.06837171	[0.052-0.084] unit decrease	Affymetrix [9463307] (imputed)	N	metabolic syndrome	http://www.ebi.ac.uk/efo/EFO_0000195	GCST009602	Genome-wide genotyping array
2020-02-12	31589552	Lind L	2019-10-07	Metab Syndr Relat Disord	www.ncbi.nlm.nih.gov/pubmed/31589552	Genome-Wide Association Study of the Metabolic Syndrome in UK Biobank.	Metabolic syndrome	291,107 European ancestry individuals	NA	5q11.2	5	56561199	C5orf67	C5orf67			ENSG00000225940			rs11429307-GT	rs11429307	0	11429307	intron_variant	0	0.190881	4E-16	15.397940008672037		0.0669661	[0.051-0.083] unit increase	Affymetrix [9463307] (imputed)	N	metabolic syndrome	http://www.ebi.ac.uk/efo/EFO_0000195	GCST009602	Genome-wide genotyping array
2020-02-12	31589552	Lind L	2019-10-07	Metab Syndr Relat Disord	www.ncbi.nlm.nih.gov/pubmed/31589552	Genome-Wide Association Study of the Metabolic Syndrome in UK Biobank.	Metabolic syndrome	291,107 European ancestry individuals	NA	6p21.31	6	34609480	C6orf106	ILRUN			ENSG00000196821			rs11754773-G	rs11754773	0	11754773	intron_variant	0	0.0942279	5E-16	15.301029995663981		0.089294	[0.068-0.111] unit increase	Affymetrix [9463307] (imputed)	N	metabolic syndrome	http://www.ebi.ac.uk/efo/EFO_0000195	GCST009602	Genome-wide genotyping array
2020-02-12	31589552	Lind L	2019-10-07	Metab Syndr Relat Disord	www.ncbi.nlm.nih.gov/pubmed/31589552	Genome-Wide Association Study of the Metabolic Syndrome in UK Biobank.	Metabolic syndrome	291,107 European ancestry individuals	NA	2p23.3	2	27508073	GCKR	GCKR			ENSG00000084734			rs1260326-T	rs1260326	0	1260326	missense_variant	0	0.392938	7E-16	15.154901959985743		0.0536971	[0.041-0.067] unit increase	Affymetrix [9463307] (imputed)	N	metabolic syndrome	http://www.ebi.ac.uk/efo/EFO_0000195	GCST009602	Genome-wide genotyping array
